Designator,Mid X,Mid Y,Rotation,Layer
J1,50.14,-120.0,180.0,top
J10,108.11,-66.0,0.0,top
J11,135.0,-121.86,270.0,top
J12,153.0,-121.86,270.0,top
J13,135.0,-63.89,90.0,top
J14,153.0,-63.89,90.0,top
J15,50.14,-102.0,180.0,top
J16,94.94,-102.0,0.0,top
J17,171.0,-27.06,90.0,top
J18,171.0,-121.86,270.0,top
J2,64.94,-120.0,0.0,top
J3,50.14,-84.0,180.0,top
J4,94.94,-84.0,0.0,top
J5,50.14,-30.0,180.0,top
J6,144.94,-30.0,0.0,top
J7,50.14,-48.0,180.0,top
J8,50.14,-66.0,180.0,top
J9,108.11,-48.0,0.0,top
