name,path,band_samples,edge_mesh_mm,coupling_center,coupling_min,coupling_max,directivity_min,RL_min,through_center
a90_n3,C:\Fun\ToyRadar\Frontend\emerge\results_redesign\a90_n3_20aba26c96,3,0.0,-16.28832925737102,-16.74699574884986,-15.8688893720964,20.37936644406015,26.053343310949778,-0.5273513635111065
candidate_A,C:\Fun\ToyRadar\Frontend\emerge\results_redesign\candidate_A_93dee5e559,3,0.0,-15.221735105602166,-15.564179463569914,-14.907950691819012,25.211380132003413,32.21987942141815,-0.5958521467981067
core_refined_control,C:\Fun\ToyRadar\Frontend\emerge\results_redesign\core_refined_control_800c22fe49,3,0.0,-14.634944790823528,-14.92648647463807,-14.36707130502416,15.150353914672584,34.42002845295463,-0.6220780850420078
edge_short53,C:\Fun\ToyRadar\Frontend\emerge\results_redesign\edge_short53_4731ed70a1,1,0.04,-15.250518683178136,-15.250518683178136,-15.250518683178136,35.01093886010328,33.985607269808334,-0.5798926439232945
edge_tune_o48,C:\Fun\ToyRadar\Frontend\emerge\results_redesign\edge_tune_o48_1394754db8,1,0.04,-15.446425733614362,-15.446425733614362,-15.446425733614362,29.458038097005343,36.00774882417485,-0.5784332381270789
edge_tune_o60,C:\Fun\ToyRadar\Frontend\emerge\results_redesign\edge_tune_o60_081e611920,1,0.04,-16.141606876105726,-16.141606876105726,-16.141606876105726,21.438984537142048,30.00905745995047,-0.5681204621002746
final51,C:\Fun\ToyRadar\Frontend\emerge\results_redesign\final51_3857a21020,5,0.04,-15.13889344481126,-15.267492240235969,-15.022642304812447,32.16379969504919,30.481141481688745,-0.5813893344336726
final51_er42,C:\Fun\ToyRadar\Frontend\emerge\results_redesign\final51_er42_5f3f0752d0,1,0.04,-14.972662624623487,-14.972662624623487,-14.972662624623487,28.811681490329057,30.331829916337245,-0.5769464909105344
final51_er46,C:\Fun\ToyRadar\Frontend\emerge\results_redesign\final51_er46_e6271029d1,1,0.04,-15.303724854913064,-15.303724854913064,-15.303724854913064,28.79667317985485,34.07471589301195,-0.5860173164350295
final51_narrow,C:\Fun\ToyRadar\Frontend\emerge\results_redesign\final51_narrow_7520858d37,1,0.04,-15.437388700370409,-15.437388700370409,-15.437388700370409,31.38709145499966,32.387835375484705,-0.5745181715493042
final51_wide,C:\Fun\ToyRadar\Frontend\emerge\results_redesign\final51_wide_642b1d318e,1,0.04,-14.852286391021416,-14.852286391021416,-14.852286391021416,32.46438116636997,31.446354344332068,-0.5893904956764595
proposal,C:\Fun\ToyRadar\Frontend\emerge\results_redesign\proposal_453ac15153,3,0.0,-15.063530887569982,-15.262844719424837,-14.88153147097771,34.09684418911695,35.53630056221324,-0.5731251789485265
proposal_edges,C:\Fun\ToyRadar\Frontend\emerge\results_redesign\proposal_edges_c471081b51,3,0.04,-15.16511831306249,-15.306274646094256,-15.036755573510675,19.675970272582997,33.95191063667787,-0.5871255103492925
refine_o0.36_w0.40,C:\Fun\ToyRadar\Frontend\emerge\results_redesign\refine_o0.36_w0.40_bb9a65c86d,3,0.0,-14.20565885643007,-14.457212182171865,-13.974895054622255,13.009499513824707,36.69432451345985,-0.6426481672898088
refine_o0.46_w0.39,C:\Fun\ToyRadar\Frontend\emerge\results_redesign\refine_o0.46_w0.39_795524aabe,3,0.0,-14.945166412852943,-15.294152033098559,-14.625020800536166,19.948925451063996,28.361053179287016,-0.614775538176128
refine_o0.46_w0.41,C:\Fun\ToyRadar\Frontend\emerge\results_redesign\refine_o0.46_w0.41_a41e0d8bcd,3,0.0,-15.165549126447367,-15.51478009623166,-14.84574468342072,19.303232463260123,35.74487148435975,-0.6014100570995999
refine_o0.48_w0.41,C:\Fun\ToyRadar\Frontend\emerge\results_redesign\refine_o0.48_w0.41_18253d8acc,3,0.0,-15.360027127879972,-15.736295700792354,-15.015759826196133,22.28979807605836,34.06668874932435,-0.5954162503306123
relief_refined,C:\Fun\ToyRadar\Frontend\emerge\results_redesign\relief_refined_6f877bc9ce,3,0.0,-14.918017156831556,-15.241757389894264,-14.620740002797977,17.32006840782867,37.022063970387315,-0.6064190099237718
s45_check_coarse,C:\Fun\ToyRadar\Frontend\emerge\results_redesign\s45_check_coarse_234726fcb2,3,0.0,-14.641391306485234,-14.981104907519969,-14.330567049094956,17.557747383625852,33.20994525291242,-0.6096081669640355
s45_check_fine,C:\Fun\ToyRadar\Frontend\emerge\results_redesign\s45_check_fine_0f9edecc3d,3,0.0,-14.766054620559096,-15.058009456503425,-14.498008043797446,14.816884733887244,37.16357521688312,-0.6160298935542207
s45_check_medium,C:\Fun\ToyRadar\Frontend\emerge\results_redesign\s45_check_medium_49fafae165,3,0.0,-14.560612811276332,-14.858916731446918,-14.287099016356423,15.44650781071783,36.27562980487863,-0.6242025478583255
s45_core_control,C:\Fun\ToyRadar\Frontend\emerge\results_redesign\s45_core_control_72d6b84fe0,3,0.0,-14.643823299883337,-14.996433454384102,-14.320952316702993,18.733500926591432,28.90227998458697,-0.612640443788144
s45_core_relief,C:\Fun\ToyRadar\Frontend\emerge\results_redesign\s45_core_relief_cac6ec7cad,3,0.0,-14.892895659838704,-15.273940547338068,-14.544483731876214,21.14588188833322,31.404080100076072,-0.5988845043689105
s45_initial,C:\Fun\ToyRadar\Frontend\emerge\results_redesign\s45_initial_95bc2d17e9,3,0.0,-14.613138805543604,-14.780113981549324,-14.461001740855078,8.887584973010636,37.996806789681735,-0.6048621591357775
s45_L6.5_w0.4,C:\Fun\ToyRadar\Frontend\emerge\results_redesign\s45_L6.5_w0.4_b439c35bef,3,0.0,-14.013689314094929,-14.268732900590184,-13.780899698734688,21.14463692805669,30.620084712832302,-0.6219257694922578
s45_L6_w0.37,C:\Fun\ToyRadar\Frontend\emerge\results_redesign\s45_L6_w0.37_f720b76f6e,3,0.0,-13.169167641345297,-13.367676030977087,-12.988597124881123,25.365784743160667,35.47773505635212,-0.6536441097288825
s45_L6_w0.4,C:\Fun\ToyRadar\Frontend\emerge\results_redesign\s45_L6_w0.4_75471fc2a1,3,0.0,-13.605155365025063,-13.802442518523318,-13.425986616275448,22.604851265752064,26.17301511836905,-0.6367800150993808
s45_L7.8_w0.37,C:\Fun\ToyRadar\Frontend\emerge\results_redesign\s45_L7.8_w0.37_9c7d605ade,3,0.0,-15.722240699455746,-16.222538050483216,-15.2644879584196,16.889232081936704,20.642808378912655,-0.6233695565355146
s45_n2_long_s0.10,C:\Fun\ToyRadar\Frontend\emerge\results_redesign\s45_n2_long_s0.10_d862d01e52,3,0.0,-12.943246757454181,-13.142225829549638,-12.762043046308095,13.53953950314094,33.86015182123488,-0.6826431072018861
s45_n2_long_s0.12,C:\Fun\ToyRadar\Frontend\emerge\results_redesign\s45_n2_long_s0.12_9843a6a3ad,3,0.0,-14.672803910361143,-14.931695488823433,-14.435719693775667,14.47028818051318,25.981255527573413,-0.6035913235255254
s45_n2_long_s0.14,C:\Fun\ToyRadar\Frontend\emerge\results_redesign\s45_n2_long_s0.14_001828de84,3,0.0,-16.018698070647183,-16.33467140473438,-15.728886922606955,16.56213432556163,23.854569901570606,-0.563753352320183
s45_n2_o43,C:\Fun\ToyRadar\Frontend\emerge\results_redesign\s45_n2_o43_dcb5d17da0,3,0.0,-14.2802231406979,-14.510238675921848,-14.069839315811448,12.966888466175462,33.59592405838393,-0.6100990838929017
s45_n3_long_s0.10,C:\Fun\ToyRadar\Frontend\emerge\results_redesign\s45_n3_long_s0.10_e14ed68069,3,0.0,-15.70067520481594,-16.182843807207302,-15.257996791468857,15.411239163002183,18.521440244661537,-0.6430090007414037
s45_n3_long_s0.12,C:\Fun\ToyRadar\Frontend\emerge\results_redesign\s45_n3_long_s0.12_0a1661b708,3,0.0,-18.466586218497422,-19.137190508493113,-17.854238180625842,8.544662079792815,16.435211880942813,-0.6269809029043838
s45_n3_long_s0.14,C:\Fun\ToyRadar\Frontend\emerge\results_redesign\s45_n3_long_s0.14_60abd059d3,3,0.0,-20.488720124113016,-21.310424043617402,-19.741625102981946,4.631309411493259,15.706135953289454,-0.6248294791083554
s45_n3_o0.30_s0.12,C:\Fun\ToyRadar\Frontend\emerge\results_redesign\s45_n3_o0.30_s0.12_8d418dec48,3,0.0,-14.839599681370157,-15.11293554404439,-14.58815833562995,11.348204013986958,25.60301945964262,-0.617467871156159
s45_n3_o0.30_s0.14,C:\Fun\ToyRadar\Frontend\emerge\results_redesign\s45_n3_o0.30_s0.14_081acf62dc,3,0.0,-16.350134884256274,-16.688003388268747,-16.039114429840218,12.393266902270653,23.153010186697912,-0.5757916457894063
s45_n3_o0.30_s0.16,C:\Fun\ToyRadar\Frontend\emerge\results_redesign\s45_n3_o0.30_s0.16_8883e8eec8,3,0.0,-17.69090571326962,-18.092090207543727,-17.322227866551085,13.340412107633192,21.948638029648645,-0.550780789288399
s45_n3_o0.40_s0.12,C:\Fun\ToyRadar\Frontend\emerge\results_redesign\s45_n3_o0.40_s0.12_cad9394efb,3,0.0,-16.47452535093461,-16.93958255885989,-16.048970974481023,19.37371661068827,21.092090556536096,-0.5836231359022558
s45_n3_o0.40_s0.14,C:\Fun\ToyRadar\Frontend\emerge\results_redesign\s45_n3_o0.40_s0.14_46c36a12cf,3,0.0,-18.206181127080722,-18.77415806180948,-17.688561727338417,16.18550118094489,19.73341848296142,-0.5615599691660468
s45_n3_o0.40_s0.16,C:\Fun\ToyRadar\Frontend\emerge\results_redesign\s45_n3_o0.40_s0.16_ecbcfe42fe,3,0.0,-19.83374295873989,-20.527355340113694,-19.20699181546015,11.757619223972483,18.976965376304943,-0.5493424913661222
s45_short_jog,C:\Fun\ToyRadar\Frontend\emerge\results_redesign\s45_short_jog_b3f8c06a14,3,0.0,-14.689607310771146,-15.028935545761177,-14.37981778331424,18.4099652479169,35.702071864606395,-0.6023279058276396
s45_trim_w0.37,C:\Fun\ToyRadar\Frontend\emerge\results_redesign\s45_trim_w0.37_5a3730be5c,3,0.0,-14.32044017514399,-14.668998474010063,-14.000859274001145,18.287721074313485,24.87561565241446,-0.6345884255978979
s45_trim_w0.39,C:\Fun\ToyRadar\Frontend\emerge\results_redesign\s45_trim_w0.39_9ad1321979,3,0.0,-14.827432348365267,-15.194811623116927,-14.491144242861743,19.706537187853314,28.225357816012107,-0.606079907483205
s45_trim_w0.41,C:\Fun\ToyRadar\Frontend\emerge\results_redesign\s45_trim_w0.41_8ba8a45c3a,3,0.0,-14.908604470457893,-15.26376919328478,-14.583973015268207,18.121514363233985,37.187890484303104,-0.5979756175509547
s45_trim_w0.43,C:\Fun\ToyRadar\Frontend\emerge\results_redesign\s45_trim_w0.43_f6297984a6,3,0.0,-15.028061980569948,-15.373697511134704,-14.712624283998792,16.71291915202368,28.612956798533666,-0.5955175998184874
s90_n3,C:\Fun\ToyRadar\Frontend\emerge\results_redesign\s90_n3_46a807ba60,3,0.0,-15.338605934579416,-15.630400673968207,-15.069983459711162,16.62776702135412,21.00801760491325,-0.5997257210288277
short55_fine,C:\Fun\ToyRadar\Frontend\emerge\results_redesign\short55_fine_41ea809c54,3,0.0,-14.843261113562408,-15.013105091340131,-14.688644024755382,30.48735414844446,34.334347558529586,-0.5784813691427714
short_fine,C:\Fun\ToyRadar\Frontend\emerge\results_redesign\short_fine_bd93344ced,3,0.0,-15.050700331121469,-15.289122890304814,-14.83243407738909,35.87080384039622,35.71480555436723,-0.5810764232016259
short_ref_o43,C:\Fun\ToyRadar\Frontend\emerge\results_redesign\short_ref_o43_3d4d5876c2,3,0.0,-14.912955871812944,-15.15667800272508,-14.690001792180823,34.61087752745946,36.314197674287065,-0.5864851872791345
short_ref_s0.12,C:\Fun\ToyRadar\Frontend\emerge\results_redesign\short_ref_s0.12_471458738a,3,0.0,-14.630711922547752,-14.850337799902922,-14.429828420149347,27.224155051868237,33.52867160536372,-0.5974702772673699
short_ref_s0.13,C:\Fun\ToyRadar\Frontend\emerge\results_redesign\short_ref_s0.13_4e52c4b6a7,3,0.0,-15.272676995428798,-15.517012376568577,-15.04887569630289,29.03672689754138,31.05213390324969,-0.575420615075545
